{"cameraMode":{"drawMode":0,"name":"Shaded","section":"Shading Mode"},"sceneLighting":true,"audioPlay":false,"sceneViewState":{"showFog":true,"showMaterialUpdate":true,"showSkybox":true,"showFlares":true,"showImageEffects":true,"showParticleSystems":true},"in2DMode":false,"pivot":{"x":-2.5435631275177,"y":0.9686129689216614,"z":0.10377907752990723},"rotation":{"x":0.34091612696647646,"y":0.15655025839805604,"z":-0.05707136169075966,"w":0.9252087473869324},"size":4.50075101852417,"orthographic":false}