{"cameraMode":{"drawMode":0,"name":"Shaded","section":"Shading Mode"},"sceneLighting":true,"audioPlay":false,"sceneViewState":{"showFog":true,"showMaterialUpdate":true,"showSkybox":true,"showFlares":true,"showImageEffects":true,"showParticleSystems":true},"in2DMode":false,"pivot":{"x":-2.206868886947632,"y":-3.9722776412963869,"z":3.294593334197998},"rotation":{"x":0.4163644015789032,"y":-0.156113401055336,"z":0.07570157945156098,"w":0.8924900889396668},"size":15.774048805236817,"orthographic":false}