{"cameraMode":{"drawMode":0,"name":"Shaded","section":"Shading Mode"},"sceneLighting":true,"audioPlay":false,"sceneViewState":{"showFog":true,"showMaterialUpdate":true,"showSkybox":true,"showFlares":true,"showImageEffects":true,"showParticleSystems":true},"in2DMode":false,"pivot":{"x":-4.061005592346191,"y":0.4099999964237213,"z":3.0122880935668947},"rotation":{"x":0.3688119351863861,"y":0.032923415303230289,"z":-0.010315380059182644,"w":0.9288634657859802},"size":2.7007510662078859,"orthographic":false}