{"cameraMode":{"drawMode":0,"name":"Shaded","section":"Shading Mode"},"sceneLighting":true,"audioPlay":false,"sceneViewState":{"showFog":true,"showMaterialUpdate":true,"showSkybox":true,"showFlares":true,"showImageEffects":true,"showParticleSystems":true},"in2DMode":false,"pivot":{"x":2.081010580062866,"y":-16.47614860534668,"z":2.9630179405212404},"rotation":{"x":-0.6477595567703247,"y":0.028994590044021608,"z":-0.028055688366293908,"w":-0.7607758045196533},"size":26.060306549072267,"orthographic":false}