{"cameraMode":{"drawMode":0,"name":"Shaded","section":"Shading Mode"},"sceneLighting":true,"audioPlay":false,"sceneViewState":{"showFog":true,"showMaterialUpdate":true,"showSkybox":true,"showFlares":true,"showImageEffects":true,"showParticleSystems":true},"in2DMode":false,"pivot":{"x":-0.2875616252422333,"y":-29.237518310546876,"z":21.462574005126954},"rotation":{"x":-0.4676627516746521,"y":-0.022076472640037538,"z":0.008783240802586079,"w":-0.8835875988006592},"size":36.8928337097168,"orthographic":false}