{"cameraMode":{"drawMode":0,"name":"Shaded","section":"Shading Mode"},"sceneLighting":true,"audioPlay":false,"sceneViewState":{"showFog":true,"showMaterialUpdate":true,"showSkybox":true,"showFlares":true,"showImageEffects":true,"showParticleSystems":true},"in2DMode":false,"pivot":{"x":-3.539804220199585,"y":-27.725505828857423,"z":15.424071311950684},"rotation":{"x":0.5088684558868408,"y":-0.08904046565294266,"z":0.056030500680208209,"w":0.8543917536735535},"size":41.282779693603519,"orthographic":false}