{"cameraMode":{"drawMode":0,"name":"Shaded","section":"Shading Mode"},"sceneLighting":true,"audioPlay":false,"sceneViewState":{"showFog":true,"showMaterialUpdate":true,"showSkybox":true,"showFlares":true,"showImageEffects":true,"showParticleSystems":true},"in2DMode":false,"pivot":{"x":12.866050720214844,"y":-9.548181533813477,"z":-4.909888744354248},"rotation":{"x":0.18240350484848023,"y":0.7768681049346924,"z":-0.25476884841918948,"w":0.5461665391921997},"size":25.209312438964845,"orthographic":false}