{"cameraMode":{"drawMode":0,"name":"Shaded","section":"Shading Mode"},"sceneLighting":true,"audioPlay":false,"sceneViewState":{"showFog":true,"showMaterialUpdate":true,"showSkybox":true,"showFlares":true,"showImageEffects":true,"showParticleSystems":true},"in2DMode":false,"pivot":{"x":0.26029515266418459,"y":-0.07379746437072754,"z":-1.1904842853546143},"rotation":{"x":-0.1375947892665863,"y":-0.8530329465866089,"z":0.27038872241973879,"w":-0.42460864782333376},"size":2.029233455657959,"orthographic":false}