{"cameraMode":{"drawMode":0,"name":"Shaded","section":"Shading Mode"},"sceneLighting":true,"audioPlay":false,"sceneViewState":{"showFog":true,"showMaterialUpdate":true,"showSkybox":true,"showFlares":true,"showImageEffects":true,"showParticleSystems":true},"in2DMode":false,"pivot":{"x":-0.6317538022994995,"y":-17.656259536743165,"z":6.009754180908203},"rotation":{"x":0.5817187428474426,"y":0.01265663094818592,"z":-0.005902633536607027,"w":0.8132702112197876},"size":29.094482421875,"orthographic":false}