{"cameraMode":{"drawMode":0,"name":"Shaded","section":"Shading Mode"},"sceneLighting":true,"audioPlay":false,"sceneViewState":{"showFog":true,"showMaterialUpdate":true,"showSkybox":true,"showFlares":true,"showImageEffects":true,"showParticleSystems":true},"in2DMode":false,"pivot":{"x":-1.4925565719604493,"y":0.5709538459777832,"z":2.2177698612213136},"rotation":{"x":0.3370784819126129,"y":0.28925445675849917,"z":-0.10672733187675476,"w":0.8895612955093384},"size":6.600752353668213,"orthographic":false}