{"cameraMode":{"drawMode":0,"name":"Shaded","section":"Shading Mode"},"sceneLighting":true,"audioPlay":false,"sceneViewState":{"showFog":true,"showMaterialUpdate":true,"showSkybox":true,"showFlares":true,"showImageEffects":true,"showParticleSystems":true},"in2DMode":false,"pivot":{"x":17.68008804321289,"y":-6.5311737060546879,"z":29.406112670898439},"rotation":{"x":0.09498568624258042,"y":0.31526729464530947,"z":-0.02901412360370159,"w":0.9437915086746216},"size":38.17426300048828,"orthographic":false}